<?xml version="1.0" encoding="UTF-8"?>
<configuration>
   <!--  <include resource="org/springframework/boot/logging/logback/defaults.xml"/>
    <property name="LOG_FILE" value="logs/app.log"/> -->


    <appender name="FILE" class="ch.qos.logback.core.FileAppender">
    <file>logs/app.log</file>
    <encoder class="ch.qos.logback.classic.encoder.PatternLayoutEncoder">
      <pattern>%d %-5level [%thread] %logger{35}: %msg %n</pattern>
      <outputPatternAsHeader>true</outputPatternAsHeader>
    </encoder>
  </appender>

    <appender name="FILETWO" class="ch.qos.logback.core.FileAppender">
    <file>logstwo/app.log</file>
    <pretty>false</pretty>
    <encoder class="ch.qos.logback.classic.encoder.PatternLayoutEncoder">
      <pattern>%d %-5level [%thread] %logger{35}: %msg %n</pattern>
      <outputPatternAsHeader>true</outputPatternAsHeader>
    </encoder>
  </appender>


  <logger name="servicelogs" level="info" additivity="false">
    <appender-ref ref="FILETWO" />
  </logger>

  <logger name="servicelo" level="trace" additivity="false">
    <appender-ref ref="FILETWO" />
  </logger>

  <logger name="myfilelog" level="trace" additivity="false">
    <appender-ref ref="FILE" />
  </logger>

  <appender name="STDOUT" class="ch.qos.logback.core.ConsoleAppender">
    <!-- encoders are assigned the type
         ch.qos.logback.classic.encoder.PatternLayoutEncoder by default -->
    <encoder>
      <pattern>%d [%thread] %-5level %logger{35} - %msg %n</pattern>
    </encoder>
  </appender>

  <root level="info" additivity="false" >
    <appender-ref ref="STDOUT" />
  </root>

</configuration>