<?xml version="1.0" encoding="UTF-8"?>
<configuration>
   <!--  <include resource="org/springframework/boot/logging/logback/defaults.xml"/>
    <property name="LOG_FILE" value="logs/app.log"/> -->


   <!--  <appender name="FILE" class="ch.qos.logback.core.FileAppender">
    <file>${LOG_FILE}</file>
    <encoder class="ch.qos.logback.classic.encoder.PatternLayoutEncoder">
      <pattern>%d %-5level [%thread] %logger{0}: %msg%n</pattern>
      <outputPatternAsHeader>true</outputPatternAsHeader>
    </encoder>
  </appender> -->

  <!-- <logger name="com.logmarch4.logging" level="warn" additivity="true">
    <appender-ref ref="FILE" />
  </logger> -->


  <!-- <logger name="com.logmarch4.logging" level="trace" additivity="false">
    <appender-ref ref="FILE" />
  </logger> -->

  <appender name="STDOUT" class="ch.qos.logback.core.ConsoleAppender">
    <!-- encoders are assigned the type
         ch.qos.logback.classic.encoder.PatternLayoutEncoder by default -->
    <encoder>
      <pattern>%d [%thread] %-5level %logger{35} - %msg %n</pattern>
    </encoder>
  </appender>

  <root level="error" additivity="false" >
    <appender-ref ref="STDOUT" />
  </root>

</configuration>